theta_rad,i_A,psi_Wb
0.00000000,0.00000000,-0.01841669
0.00000000,0.50000000,-0.00846159
0.00000000,1.00000000,0.00098880
0.00000000,1.50000000,0.00997745
0.00000000,2.00000000,0.01854523
0.00000000,2.50000000,0.02673087
0.00000000,3.00000000,0.03457093
0.00000000,3.50000000,0.04209987
0.00000000,4.00000000,0.04935001
0.00000000,4.50000000,0.05635164
0.00000000,5.00000000,0.06313301
0.00000000,5.50000000,0.06972045
0.00000000,6.00000000,0.07613843
0.00000000,6.50000000,0.08240960
0.00000000,7.00000000,0.08855491
0.00000000,7.50000000,0.09459367
0.00000000,8.00000000,0.10054364
0.00000000,8.50000000,0.10642111
0.00000000,9.00000000,0.11224097
0.00000000,9.50000000,0.11801681
0.00000000,10.00000000,0.12376100
0.00000000,10.50000000,0.12948473
0.00000000,11.00000000,0.13519813
0.00000000,11.50000000,0.14091031
0.00000000,12.00000000,0.14662944
0.00000000,12.50000000,0.15236280
0.00000000,13.00000000,0.15811688
0.00000000,13.50000000,0.16389738
0.00000000,14.00000000,0.16970932
0.00000000,14.50000000,0.17555707
0.00000000,15.00000000,0.18144439
0.00000000,15.50000000,0.18737448
0.00000000,16.00000000,0.19335006
0.00000000,16.50000000,0.19937336
0.00000000,17.00000000,0.20544618
0.00000000,17.50000000,0.21156994
0.00000000,18.00000000,0.21774570
0.00000000,18.50000000,0.22397417
0.00000000,19.00000000,0.23025581
0.00000000,19.50000000,0.23659076
0.00000000,20.00000000,0.24297896
0.10471976,0.00000000,-0.01904823
0.10471976,0.50000000,-0.00904442
0.10471976,1.00000000,0.00045032
0.10471976,1.50000000,0.00947918
0.10471976,2.00000000,0.01808327
0.10471976,2.50000000,0.02630151
0.10471976,3.00000000,0.03417072
0.10471976,3.50000000,0.04172554
0.10471976,4.00000000,0.04899852
0.10471976,4.50000000,0.05602015
0.10471976,5.00000000,0.06281890
0.10471976,5.50000000,0.06942129
0.10471976,6.00000000,0.07585196
0.10471976,6.50000000,0.08213375
0.10471976,7.00000000,0.08828779
0.10471976,7.50000000,0.09433355
0.10471976,8.00000000,0.10028894
0.10471976,8.50000000,0.10617039
0.10471976,9.00000000,0.11199295
0.10471976,9.50000000,0.11777034
0.10471976,10.00000000,0.12351504
0.10471976,10.50000000,0.12923837
0.10471976,11.00000000,0.13495056
0.10471976,11.50000000,0.14066083
0.10471976,12.00000000,0.14637744
0.10471976,12.50000000,0.15210776
0.10471976,13.00000000,0.15785837
0.10471976,13.50000000,0.16363505
0.10471976,14.00000000,0.16944288
0.10471976,14.50000000,0.17528631
0.10471976,15.00000000,0.18116915
0.10471976,15.50000000,0.18709468
0.10471976,16.00000000,0.19306565
0.10471976,16.50000000,0.19908434
0.10471976,17.00000000,0.20515262
0.10471976,17.50000000,0.21127193
0.10471976,18.00000000,0.21744337
0.10471976,18.50000000,0.22366770
0.10471976,19.00000000,0.22994539
0.10471976,19.50000000,0.23627664
0.10471976,20.00000000,0.24266138
0.20943951,0.00000000,-0.02087348
0.20943951,0.50000000,-0.01071966
0.20943951,1.00000000,-0.00108809
0.20943951,1.50000000,0.00806509
0.20943951,2.00000000,0.01678161
0.20943951,2.50000000,0.02510110
0.20943951,3.00000000,0.03306100
0.20943951,3.50000000,0.04069662
0.20943951,4.00000000,0.04804117
0.20943951,4.50000000,0.05512574
0.20943951,5.00000000,0.06197941
0.20943951,5.50000000,0.06862930
0.20943951,6.00000000,0.07510061
0.20943951,6.50000000,0.08141674
0.20943951,7.00000000,0.08759931
0.20943951,7.50000000,0.09366830
0.20943951,8.00000000,0.09964210
0.20943951,8.50000000,0.10553759
0.20943951,9.00000000,0.11137023
0.20943951,9.50000000,0.11715413
0.20943951,10.00000000,0.12290217
0.20943951,10.50000000,0.12862602
0.20943951,11.00000000,0.13433623
0.20943951,11.50000000,0.14004234
0.20943951,12.00000000,0.14575291
0.20943951,12.50000000,0.15147558
0.20943951,13.00000000,0.15721717
0.20943951,13.50000000,0.16298371
0.20943951,14.00000000,0.16878051
0.20943951,14.50000000,0.17461221
0.20943951,15.00000000,0.18048282
0.20943951,15.50000000,0.18639579
0.20943951,16.00000000,0.19235404
0.20943951,16.50000000,0.19836000
0.20943951,17.00000000,0.20441567
0.20943951,17.50000000,0.21052263
0.20943951,18.00000000,0.21668210
0.20943951,18.50000000,0.22289494
0.20943951,19.00000000,0.22916172
0.20943951,19.50000000,0.23548272
0.20943951,20.00000000,0.24185798
0.31415927,0.00000000,-0.02369067
0.31415927,0.50000000,-0.01327364
0.31415927,1.00000000,-0.00340121
0.31415927,1.50000000,0.00597154
0.31415927,2.00000000,0.01488746
0.31415927,2.50000000,0.02338725
0.31415927,3.00000000,0.03150947
0.31415927,3.50000000,0.03929052
0.31415927,4.00000000,0.04676467
0.31415927,4.50000000,0.05396406
0.31415927,5.00000000,0.06091881
0.31415927,5.50000000,0.06765702
0.31415927,6.00000000,0.07420484
0.31415927,6.50000000,0.08058659
0.31415927,7.00000000,0.08682478
0.31415927,7.50000000,0.09294022
0.31415927,8.00000000,0.09895210
0.31415927,8.50000000,0.10487805
0.31415927,9.00000000,0.11073425
0.31415927,9.50000000,0.11653552
0.31415927,10.00000000,0.12229534
0.31415927,10.50000000,0.12802601
0.31415927,11.00000000,0.13373864
0.31415927,11.50000000,0.13944330
0.31415927,12.00000000,0.14514905
0.31415927,12.50000000,0.15086400
0.31415927,13.00000000,0.15659541
0.31415927,13.50000000,0.16234971
0.31415927,14.00000000,0.16813260
0.31415927,14.50000000,0.17394906
0.31415927,15.00000000,0.17980343
0.31415927,15.50000000,0.18569947
0.31415927,16.00000000,0.19164038
0.31415927,16.50000000,0.19762886
0.31415927,17.00000000,0.20366713
0.31415927,17.50000000,0.20975701
0.31415927,18.00000000,0.21589990
0.31415927,18.50000000,0.22209688
0.31415927,19.00000000,0.22834867
0.31415927,19.50000000,0.23465573
0.31415927,20.00000000,0.24101822
0.41887902,0.00000000,-0.02718463
0.41887902,0.50000000,-0.01637084
0.41887902,1.00000000,-0.00613370
0.41887902,1.50000000,0.00357316
0.41887902,2.00000000,0.01279410
0.41887902,2.50000000,0.02157133
0.41887902,3.00000000,0.02994496
0.41887902,3.50000000,0.03795291
0.41887902,4.00000000,0.04563095
0.41887902,4.50000000,0.05301273
0.41887902,5.00000000,0.06012978
0.41887902,5.50000000,0.06701161
0.41887902,6.00000000,0.07368575
0.41887902,6.50000000,0.08017780
0.41887902,7.00000000,0.08651154
0.41887902,7.50000000,0.09270897
0.41887902,8.00000000,0.09879043
0.41887902,8.50000000,0.10477464
0.41887902,9.00000000,0.11067883
0.41887902,9.50000000,0.11651876
0.41887902,10.00000000,0.12230887
0.41887902,10.50000000,0.12806231
0.41887902,11.00000000,0.13379102
0.41887902,11.50000000,0.13950585
0.41887902,12.00000000,0.14521657
0.41887902,12.50000000,0.15093199
0.41887902,13.00000000,0.15665998
0.41887902,13.50000000,0.16240757
0.41887902,14.00000000,0.16818102
0.41887902,14.50000000,0.17398582
0.41887902,15.00000000,0.17982680
0.41887902,15.50000000,0.18570815
0.41887902,16.00000000,0.19163350
0.41887902,16.50000000,0.19760592
0.41887902,17.00000000,0.20362799
0.41887902,17.50000000,0.20970186
0.41887902,18.00000000,0.21582924
0.41887902,18.50000000,0.22201146
0.41887902,19.00000000,0.22824953
0.41887902,19.50000000,0.23454411
0.41887902,20.00000000,0.24089560
0.52359878,0.00000000,-0.03095897
0.52359878,0.50000000,-0.01958529
0.52359878,1.00000000,-0.00883070
0.52359878,1.50000000,0.00135297
0.52359878,2.00000000,0.01101194
0.52359878,2.50000000,0.02019038
0.52359878,3.00000000,0.02893032
0.52359878,3.50000000,0.03727164
0.52359878,4.00000000,0.04525206
0.52359878,4.50000000,0.05290711
0.52359878,5.00000000,0.06027024
0.52359878,5.50000000,0.06737276
0.52359878,6.00000000,0.07424398
0.52359878,6.50000000,0.08091122
0.52359878,7.00000000,0.08739990
0.52359878,7.50000000,0.09373362
0.52359878,8.00000000,0.09993422
0.52359878,8.50000000,0.10602187
0.52359878,9.00000000,0.11201515
0.52359878,9.50000000,0.11793116
0.52359878,10.00000000,0.12378555
0.52359878,10.50000000,0.12959263
0.52359878,11.00000000,0.13536547
0.52359878,11.50000000,0.14111592
0.52359878,12.00000000,0.14685475
0.52359878,12.50000000,0.15259166
0.52359878,13.00000000,0.15833539
0.52359878,13.50000000,0.16409379
0.52359878,14.00000000,0.16987384
0.52359878,14.50000000,0.17568174
0.52359878,15.00000000,0.18152297
0.52359878,15.50000000,0.18740234
0.52359878,16.00000000,0.19332403
0.52359878,16.50000000,0.19929164
0.52359878,17.00000000,0.20530823
0.52359878,17.50000000,0.21137641
0.52359878,18.00000000,0.21749829
0.52359878,18.50000000,0.22367561
0.52359878,19.00000000,0.22990971
0.52359878,19.50000000,0.23620159
0.52359878,20.00000000,0.24255194
0.62831853,0.00000000,-0.03458063
0.62831853,0.50000000,-0.02244453
0.62831853,1.00000000,-0.01098107
0.62831853,1.50000000,-0.00014000
0.62831853,2.00000000,0.01012709
0.62831853,2.50000000,0.01986662
0.62831853,3.00000000,0.02912298
0.62831853,3.50000000,0.03793837
0.62831853,4.00000000,0.04635288
0.62831853,4.50000000,0.05440438
0.62831853,5.00000000,0.06212862
0.62831853,5.50000000,0.06955917
0.62831853,6.00000000,0.07672753
0.62831853,6.50000000,0.08366318
0.62831853,7.00000000,0.09039359
0.62831853,7.50000000,0.09694435
0.62831853,8.00000000,0.10333919
0.62831853,8.50000000,0.10960013
0.62831853,9.00000000,0.11574748
0.62831853,9.50000000,0.12179998
0.62831853,10.00000000,0.12777487
0.62831853,10.50000000,0.13368795
0.62831853,11.00000000,0.13955367
0.62831853,11.50000000,0.14538525
0.62831853,12.00000000,0.15119467
0.62831853,12.50000000,0.15699284
0.62831853,13.00000000,0.16278959
0.62831853,13.50000000,0.16859381
0.62831853,14.00000000,0.17441345
0.62831853,14.50000000,0.18025562
0.62831853,15.00000000,0.18612667
0.62831853,15.50000000,0.19203217
0.62831853,16.00000000,0.19797706
0.62831853,16.50000000,0.20396561
0.62831853,17.00000000,0.21000155
0.62831853,17.50000000,0.21608805
0.62831853,18.00000000,0.22222780
0.62831853,18.50000000,0.22842302
0.62831853,19.00000000,0.23467555
0.62831853,19.50000000,0.24098680
0.62831853,20.00000000,0.24735788
0.73303829,0.00000000,-0.03763448
0.73303829,0.50000000,-0.02448412
0.73303829,1.00000000,-0.01207162
0.73303829,1.50000000,-0.00034451
0.73303829,2.00000000,0.01074801
0.73303829,2.50000000,0.02125490
0.73303829,3.00000000,0.03122316
0.73303829,3.50000000,0.04069770
0.73303829,4.00000000,0.04972133
0.73303829,4.50000000,0.05833466
0.73303829,5.00000000,0.06657613
0.73303829,5.50000000,0.07448202
0.73303829,6.00000000,0.08208645
0.73303829,6.50000000,0.08942144
0.73303829,7.00000000,0.09651697
0.73303829,7.50000000,0.10340102
0.73303829,8.00000000,0.11009966
0.73303829,8.50000000,0.11663712
0.73303829,9.00000000,0.12303584
0.73303829,9.50000000,0.12931661
0.73303829,10.00000000,0.13549858
0.73303829,10.50000000,0.14159940
0.73303829,11.00000000,0.14763529
0.73303829,11.50000000,0.15362108
0.73303829,12.00000000,0.15957034
0.73303829,12.50000000,0.16549545
0.73303829,13.00000000,0.17140762
0.73303829,13.50000000,0.17731705
0.73303829,14.00000000,0.18323290
0.73303829,14.50000000,0.18916346
0.73303829,15.00000000,0.19511611
0.73303829,15.50000000,0.20109746
0.73303829,16.00000000,0.20711338
0.73303829,16.50000000,0.21316902
0.73303829,17.00000000,0.21926893
0.73303829,17.50000000,0.22541703
0.73303829,18.00000000,0.23161672
0.73303829,18.50000000,0.23787090
0.73303829,19.00000000,0.24418198
0.73303829,19.50000000,0.25055198
0.73303829,20.00000000,0.25698249
0.83775804,0.00000000,-0.03978117
0.83775804,0.50000000,-0.02530677
0.83775804,1.00000000,-0.01164726
0.83775804,1.50000000,0.00125198
0.83775804,2.00000000,0.01344416
0.83775804,2.50000000,0.02498090
0.83775804,3.00000000,0.03591199
0.83775804,3.50000000,0.04628530
0.83775804,4.00000000,0.05614663
0.83775804,4.50000000,0.06553965
0.83775804,5.00000000,0.07450587
0.83775804,5.50000000,0.08308464
0.83775804,6.00000000,0.09131308
0.83775804,6.50000000,0.09922621
0.83775804,7.00000000,0.10685690
0.83775804,7.50000000,0.11423595
0.83775804,8.00000000,0.12139216
0.83775804,8.50000000,0.12835240
0.83775804,9.00000000,0.13514165
0.83775804,9.50000000,0.14178313
0.83775804,10.00000000,0.14829831
0.83775804,10.50000000,0.15470706
0.83775804,11.00000000,0.16102770
0.83775804,11.50000000,0.16727707
0.83775804,12.00000000,0.17347065
0.83775804,12.50000000,0.17962258
0.83775804,13.00000000,0.18574580
0.83775804,13.50000000,0.19185208
0.83775804,14.00000000,0.19795211
0.83775804,14.50000000,0.20405558
0.83775804,15.00000000,0.21017121
0.83775804,15.50000000,0.21630685
0.83775804,16.00000000,0.22246954
0.83775804,16.50000000,0.22866553
0.83775804,17.00000000,0.23490038
0.83775804,17.50000000,0.24117897
0.83775804,18.00000000,0.24750559
0.83775804,18.50000000,0.25388396
0.83775804,19.00000000,0.26031727
0.83775804,19.50000000,0.26680823
0.83775804,20.00000000,0.27335913
0.94247780,0.00000000,-0.04080663
0.94247780,0.50000000,-0.02463554
0.94247780,1.00000000,-0.00936757
0.94247780,1.50000000,0.00505368
0.94247780,2.00000000,0.01868364
0.94247780,2.50000000,0.03157642
0.94247780,3.00000000,0.04378465
0.94247780,3.50000000,0.05535915
0.94247780,4.00000000,0.06634890
0.94247780,4.50000000,0.07680083
0.94247780,5.00000000,0.08675977
0.94247780,5.50000000,0.09626839
0.94247780,6.00000000,0.10536721
0.94247780,6.50000000,0.11409452
0.94247780,7.00000000,0.12248648
0.94247780,7.50000000,0.13057711
0.94247780,8.00000000,0.13839833
0.94247780,8.50000000,0.14598003
0.94247780,9.00000000,0.15335013
0.94247780,9.50000000,0.16053466
0.94247780,10.00000000,0.16755783
0.94247780,10.50000000,0.17444210
0.94247780,11.00000000,0.18120826
0.94247780,11.50000000,0.18787552
0.94247780,12.00000000,0.19446161
0.94247780,12.50000000,0.20098281
0.94247780,13.00000000,0.20745407
0.94247780,13.50000000,0.21388909
0.94247780,14.00000000,0.22030036
0.94247780,14.50000000,0.22669927
0.94247780,15.00000000,0.23309615
0.94247780,15.50000000,0.23950037
0.94247780,16.00000000,0.24592036
0.94247780,16.50000000,0.25236373
0.94247780,17.00000000,0.25883726
0.94247780,17.50000000,0.26534702
0.94247780,18.00000000,0.27189838
0.94247780,18.50000000,0.27849607
0.94247780,19.00000000,0.28514424
0.94247780,19.50000000,0.29184649
0.94247780,20.00000000,0.29860591
1.04719755,0.00000000,-0.04064540
1.04719755,0.50000000,-0.02234501
1.04719755,1.00000000,-0.00504532
1.04719755,1.50000000,0.01131110
1.04719755,2.00000000,0.02678128
1.04719755,2.50000000,0.04142145
1.04719755,3.00000000,0.05528667
1.04719755,3.50000000,0.06843062
1.04719755,4.00000000,0.08090530
1.04719755,4.50000000,0.09276090
1.04719755,5.00000000,0.10404564
1.04719755,5.50000000,0.11480568
1.04719755,6.00000000,0.12508507
1.04719755,6.50000000,0.13492566
1.04719755,7.00000000,0.14436715
1.04719755,7.50000000,0.15344706
1.04719755,8.00000000,0.16220076
1.04719755,8.50000000,0.17066150
1.04719755,9.00000000,0.17886051
1.04719755,9.50000000,0.18682697
1.04719755,10.00000000,0.19458817
1.04719755,10.50000000,0.20216952
1.04719755,11.00000000,0.20959465
1.04719755,11.50000000,0.21688550
1.04719755,12.00000000,0.22406236
1.04719755,12.50000000,0.23114402
1.04719755,13.00000000,0.23814775
1.04719755,13.50000000,0.24508950
1.04719755,14.00000000,0.25198385
1.04719755,14.50000000,0.25884421
1.04719755,15.00000000,0.26568279
1.04719755,15.50000000,0.27251073
1.04719755,16.00000000,0.27933815
1.04719755,16.50000000,0.28617422
1.04719755,17.00000000,0.29302722
1.04719755,17.50000000,0.29990460
1.04719755,18.00000000,0.30681303
1.04719755,18.50000000,0.31375847
1.04719755,19.00000000,0.32074618
1.04719755,19.50000000,0.32778084
1.04719755,20.00000000,0.33486653
1.15191731,0.00000000,-0.03935928
1.15191731,0.50000000,-0.01845326
1.15191731,1.00000000,0.00134866
1.15191731,1.50000000,0.02010372
1.15191731,2.00000000,0.03786949
1.15191731,2.50000000,0.05470342
1.15191731,3.00000000,0.07066234
1.15191731,3.50000000,0.08580216
1.15191731,4.00000000,0.10017750
1.15191731,4.50000000,0.11384150
1.15191731,5.00000000,0.12684556
1.15191731,5.50000000,0.13923924
1.15191731,6.00000000,0.15107005
1.15191731,6.50000000,0.16238348
1.15191731,7.00000000,0.17322284
1.15191731,7.50000000,0.18362931
1.15191731,8.00000000,0.19364188
1.15191731,8.50000000,0.20329740
1.15191731,9.00000000,0.21263059
1.15191731,9.50000000,0.22167411
1.15191731,10.00000000,0.23045858
1.15191731,10.50000000,0.23901264
1.15191731,11.00000000,0.24736308
1.15191731,11.50000000,0.25553482
1.15191731,12.00000000,0.26355106
1.15191731,12.50000000,0.27143334
1.15191731,13.00000000,0.27920159
1.15191731,13.50000000,0.28687424
1.15191731,14.00000000,0.29446831
1.15191731,14.50000000,0.30199944
1.15191731,15.00000000,0.30948200
1.15191731,15.50000000,0.31692917
1.15191731,16.00000000,0.32435300
1.15191731,16.50000000,0.33176445
1.15191731,17.00000000,0.33917351
1.15191731,17.50000000,0.34658924
1.15191731,18.00000000,0.35401981
1.15191731,18.50000000,0.36147258
1.15191731,19.00000000,0.36895417
1.15191731,19.50000000,0.37647046
1.15191731,20.00000000,0.38402669
1.25663706,0.00000000,-0.03706205
1.25663706,0.50000000,-0.01306612
1.25663706,1.00000000,0.00972211
1.25663706,1.50000000,0.03135785
1.25663706,2.00000000,0.05189762
1.25663706,2.50000000,0.07139865
1.25663706,3.00000000,0.08991834
1.25663706,3.50000000,0.10751380
1.25663706,4.00000000,0.12424141
1.25663706,4.50000000,0.14015655
1.25663706,5.00000000,0.15531323
1.25663706,5.50000000,0.16976391
1.25663706,6.00000000,0.18355930
1.25663706,6.50000000,0.19674820
1.25663706,7.00000000,0.20937741
1.25663706,7.50000000,0.22149166
1.25663706,8.00000000,0.23313355
1.25663706,8.50000000,0.24434352
1.25663706,9.00000000,0.25515989
1.25663706,9.50000000,0.26561885
1.25663706,10.00000000,0.27575450
1.25663706,10.50000000,0.28559889
1.25663706,11.00000000,0.29518209
1.25663706,11.50000000,0.30453223
1.25663706,12.00000000,0.31367561
1.25663706,12.50000000,0.32263672
1.25663706,13.00000000,0.33143835
1.25663706,13.50000000,0.34010166
1.25663706,14.00000000,0.34864626
1.25663706,14.50000000,0.35709027
1.25663706,15.00000000,0.36545044
1.25663706,15.50000000,0.37374217
1.25663706,16.00000000,0.38197962
1.25663706,16.50000000,0.39017578
1.25663706,17.00000000,0.39834252
1.25663706,17.50000000,0.40649068
1.25663706,18.00000000,0.41463011
1.25663706,18.50000000,0.42276976
1.25663706,19.00000000,0.43091772
1.25663706,19.50000000,0.43908127
1.25663706,20.00000000,0.44726695
1.36135682,0.00000000,-0.03380850
1.36135682,0.50000000,-0.00628951
1.36135682,1.00000000,0.01992553
1.36135682,1.50000000,0.04488736
1.36135682,2.00000000,0.06864927
1.36135682,2.50000000,0.09126631
1.36135682,3.00000000,0.11279467
1.36135682,3.50000000,0.13329112
1.36135682,4.00000000,0.15281246
1.36135682,4.50000000,0.17141509
1.36135682,5.00000000,0.18915464
1.36135682,5.50000000,0.20608561
1.36135682,6.00000000,0.22226116
1.36135682,6.50000000,0.23773282
1.36135682,7.00000000,0.25255036
1.36135682,7.50000000,0.26676167
1.36135682,8.00000000,0.28041262
1.36135682,8.50000000,0.29354704
1.36135682,9.00000000,0.30620664
1.36135682,9.50000000,0.31843103
1.36135682,10.00000000,0.33025771
1.36135682,10.50000000,0.34172209
1.36135682,11.00000000,0.35285754
1.36135682,11.50000000,0.36369542
1.36135682,12.00000000,0.37426516
1.36135682,12.50000000,0.38459427
1.36135682,13.00000000,0.39470850
1.36135682,13.50000000,0.40463182
1.36135682,14.00000000,0.41438654
1.36135682,14.50000000,0.42399338
1.36135682,15.00000000,0.43347156
1.36135682,15.50000000,0.44283883
1.36135682,16.00000000,0.45211160
1.36135682,16.50000000,0.46130499
1.36135682,17.00000000,0.47043288
1.36135682,17.50000000,0.47950802
1.36135682,18.00000000,0.48854207
1.36135682,18.50000000,0.49754568
1.36135682,19.00000000,0.50652853
1.36135682,19.50000000,0.51549941
1.36135682,20.00000000,0.52446630
1.46607657,0.00000000,-0.02950667
1.46607657,0.50000000,0.00183860
1.46607657,1.00000000,0.03179960
1.46607657,1.50000000,0.06041980
1.46607657,2.00000000,0.08774655
1.46607657,2.50000000,0.11383032
1.46607657,3.00000000,0.13872386
1.46607657,3.50000000,0.16248157
1.46607657,4.00000000,0.18515882
1.46607657,4.50000000,0.20681144
1.46607657,5.00000000,0.22749520
1.46607657,5.50000000,0.24726539
1.46607657,6.00000000,0.26617646
1.46607657,6.50000000,0.28428171
1.46607657,7.00000000,0.30163305
1.46607657,7.50000000,0.31828078
1.46607657,8.00000000,0.33427343
1.46607657,8.50000000,0.34965766
1.46607657,9.00000000,0.36447815
1.46607657,9.50000000,0.37877754
1.46607657,10.00000000,0.39259642
1.46607657,10.50000000,0.40597331
1.46607657,11.00000000,0.41894466
1.46607657,11.50000000,0.43154490
1.46607657,12.00000000,0.44380644
1.46607657,12.50000000,0.45575977
1.46607657,13.00000000,0.46743346
1.46607657,13.50000000,0.47885427
1.46607657,14.00000000,0.49004719
1.46607657,14.50000000,0.50103551
1.46607657,15.00000000,0.51184092
1.46607657,15.50000000,0.52248357
1.46607657,16.00000000,0.53298211
1.46607657,16.50000000,0.54335383
1.46607657,17.00000000,0.55361467
1.46607657,17.50000000,0.56377934
1.46607657,18.00000000,0.57386136
1.46607657,18.50000000,0.58387314
1.46607657,19.00000000,0.59382604
1.46607657,19.50000000,0.60373043
1.46607657,20.00000000,0.61359575
1.57079633,0.00000000,-0.02393658
1.57079633,0.50000000,0.01132596
1.57079633,1.00000000,0.04514799
1.57079633,1.50000000,0.07756271
1.57079633,2.00000000,0.10860876
1.57079633,2.50000000,0.13832928
1.57079633,3.00000000,0.16677111
1.57079633,3.50000000,0.19398395
1.57079633,4.00000000,0.22001965
1.57079633,4.50000000,0.24493148
1.57079633,5.00000000,0.26877363
1.57079633,5.50000000,0.29160058
1.57079633,6.00000000,0.31346666
1.57079633,6.50000000,0.33442570
1.57079633,7.00000000,0.35453058
1.57079633,7.50000000,0.37383306
1.57079633,8.00000000,0.39238345
1.57079633,8.50000000,0.41023047
1.57079633,9.00000000,0.42742110
1.57079633,9.50000000,0.44400042
1.57079633,10.00000000,0.46001162
1.57079633,10.50000000,0.47549587
1.57079633,11.00000000,0.49049233
1.57079633,11.50000000,0.50503815
1.57079633,12.00000000,0.51916848
1.57079633,12.50000000,0.53291647
1.57079633,13.00000000,0.54631337
1.57079633,13.50000000,0.55938852
1.57079633,14.00000000,0.57216943
1.57079633,14.50000000,0.58468185
1.57079633,15.00000000,0.59694985
1.57079633,15.50000000,0.60899584
1.57079633,16.00000000,0.62084070
1.57079633,16.50000000,0.63250381
1.57079633,17.00000000,0.64400314
1.57079633,17.50000000,0.65535533
1.57079633,18.00000000,0.66657576
1.57079633,18.50000000,0.67767857
1.57079633,19.00000000,0.68867683
1.57079633,19.50000000,0.69958249
1.57079633,20.00000000,0.71040653
1.67551608,0.00000000,-0.01691942
1.67551608,0.50000000,0.02208312
1.67551608,1.00000000,0.05961880
1.67551608,1.50000000,0.09570784
1.67551608,2.00000000,0.13037746
1.67551608,2.50000000,0.16366096
1.67551608,3.00000000,0.19559678
1.67551608,3.50000000,0.22622762
1.67551608,4.00000000,0.25559960
1.67551608,4.50000000,0.28376152
1.67551608,5.00000000,0.31076409
1.67551608,5.50000000,0.33665933
1.67551608,6.00000000,0.36149996
1.67551608,6.50000000,0.38533892
1.67551608,7.00000000,0.40822891
1.67551608,7.50000000,0.43022202
1.67551608,8.00000000,0.45136938
1.67551608,8.50000000,0.47172092
1.67551608,9.00000000,0.49132514
1.67551608,9.50000000,0.51022894
1.67551608,10.00000000,0.52847746
1.67551608,10.50000000,0.54611404
1.67551608,11.00000000,0.56318007
1.67551608,11.50000000,0.57971504
1.67551608,12.00000000,0.59575645
1.67551608,12.50000000,0.61133983
1.67551608,13.00000000,0.62649880
1.67551608,13.50000000,0.64126505
1.67551608,14.00000000,0.65566840
1.67551608,14.50000000,0.66973687
1.67551608,15.00000000,0.68349670
1.67551608,15.50000000,0.69697245
1.67551608,16.00000000,0.71018706
1.67551608,16.50000000,0.72316191
1.67551608,17.00000000,0.73591688
1.67551608,17.50000000,0.74847046
1.67551608,18.00000000,0.76083978
1.67551608,18.50000000,0.77304071
1.67551608,19.00000000,0.78508791
1.67551608,19.50000000,0.79699490
1.67551608,20.00000000,0.80877414
1.78023584,0.00000000,-0.00856328
1.78023584,0.50000000,0.03373579
1.78023584,1.00000000,0.07457372
1.78023584,1.50000000,0.11395562
1.78023584,2.00000000,0.15189518
1.78023584,2.50000000,0.18841366
1.78023584,3.00000000,0.22353902
1.78023584,3.50000000,0.25730494
1.78023584,4.00000000,0.28974991
1.78023584,4.50000000,0.32091640
1.78023584,5.00000000,0.35085001
1.78023584,5.50000000,0.37959876
1.78023584,6.00000000,0.40721236
1.78023584,6.50000000,0.43374163
1.78023584,7.00000000,0.45923794
1.78023584,7.50000000,0.48375272
1.78023584,8.00000000,0.50733704
1.78023584,8.50000000,0.53004127
1.78023584,9.00000000,0.55191474
1.78023584,9.50000000,0.57300555
1.78023584,10.00000000,0.59336031
1.78023584,10.50000000,0.61302404
1.78023584,11.00000000,0.63203998
1.78023584,11.50000000,0.65044959
1.78023584,12.00000000,0.66829243
1.78023584,12.50000000,0.68560613
1.78023584,13.00000000,0.70242644
1.78023584,13.50000000,0.71878716
1.78023584,14.00000000,0.73472023
1.78023584,14.50000000,0.75025574
1.78023584,15.00000000,0.76542197
1.78023584,15.50000000,0.78024544
1.78023584,16.00000000,0.79475102
1.78023584,16.50000000,0.80896192
1.78023584,17.00000000,0.82289981
1.78023584,17.50000000,0.83658490
1.78023584,18.00000000,0.85003595
1.78023584,18.50000000,0.86327041
1.78023584,19.00000000,0.87630444
1.78023584,19.50000000,0.88915301
1.78023584,20.00000000,0.90182995
1.88495559,0.00000000,0.00059554
1.88495559,0.50000000,0.04555392
1.88495559,1.00000000,0.08908739
1.88495559,1.50000000,0.13118465
1.88495559,2.00000000,0.17184436
1.88495559,2.50000000,0.21107422
1.88495559,3.00000000,0.24889010
1.88495559,3.50000000,0.28531505
1.88495559,4.00000000,0.32037841
1.88495559,4.50000000,0.35411482
1.88495559,5.00000000,0.38656342
1.88495559,5.50000000,0.41776693
1.88495559,6.00000000,0.44777091
1.88495559,6.50000000,0.47662302
1.88495559,7.00000000,0.50437237
1.88495559,7.50000000,0.53106892
1.88495559,8.00000000,0.55676301
1.88495559,8.50000000,0.58150481
1.88495559,9.00000000,0.60534401
1.88495559,9.50000000,0.62832948
1.88495559,10.00000000,0.65050894
1.88495559,10.50000000,0.67192879
1.88495559,11.00000000,0.69263390
1.88495559,11.50000000,0.71266750
1.88495559,12.00000000,0.73207102
1.88495559,12.50000000,0.75088408
1.88495559,13.00000000,0.76914442
1.88495559,13.50000000,0.78688789
1.88495559,14.00000000,0.80414844
1.88495559,14.50000000,0.82095812
1.88495559,15.00000000,0.83734717
1.88495559,15.50000000,0.85334400
1.88495559,16.00000000,0.86897528
1.88495559,16.50000000,0.88426600
1.88495559,17.00000000,0.89923949
1.88495559,17.50000000,0.91391755
1.88495559,18.00000000,0.92832047
1.88495559,18.50000000,0.94246713
1.88495559,19.00000000,0.95637507
1.88495559,19.50000000,0.97006054
1.88495559,20.00000000,0.98353858
1.98967535,0.00000000,0.00969382
1.98967535,0.50000000,0.05660063
1.98967535,1.00000000,0.10214505
1.98967535,1.50000000,0.14629880
1.98967535,2.00000000,0.18904469
1.98967535,2.50000000,0.23037587
1.98967535,3.00000000,0.27029500
1.98967535,3.50000000,0.30881334
1.98967535,4.00000000,0.34594986
1.98967535,4.50000000,0.38173024
1.98967535,5.00000000,0.41618599
1.98967535,5.50000000,0.44935349
1.98967535,6.00000000,0.48127318
1.98967535,6.50000000,0.51198868
1.98967535,7.00000000,0.54154610
1.98967535,7.50000000,0.56999329
1.98967535,8.00000000,0.59737926
1.98967535,8.50000000,0.62375358
1.98967535,9.00000000,0.64916594
1.98967535,9.50000000,0.67366569
1.98967535,10.00000000,0.69730147
1.98967535,10.50000000,0.72012096
1.98967535,11.00000000,0.74217056
1.98967535,11.50000000,0.76349523
1.98967535,12.00000000,0.78413832
1.98967535,12.50000000,0.80414145
1.98967535,13.00000000,0.82354442
1.98967535,13.50000000,0.84238516
1.98967535,14.00000000,0.86069970
1.98967535,14.50000000,0.87852218
1.98967535,15.00000000,0.89588481
1.98967535,15.50000000,0.91281797
1.98967535,16.00000000,0.92935018
1.98967535,16.50000000,0.94550819
1.98967535,17.00000000,0.96131704
1.98967535,17.50000000,0.97680010
1.98967535,18.00000000,0.99197914
1.98967535,18.50000000,1.00687445
1.98967535,19.00000000,1.02150483
1.98967535,19.50000000,1.03588774
1.98967535,20.00000000,1.05003933
2.09439510,0.00000000,0.01783214
2.09439510,0.50000000,0.06602307
2.09439510,1.00000000,0.11293481
2.09439510,1.50000000,0.15852217
2.09439510,2.00000000,0.20275186
2.09439510,2.50000000,0.24560195
2.09439510,3.00000000,0.28706119
2.09439510,3.50000000,0.32712822
2.09439510,4.00000000,0.36581069
2.09439510,4.50000000,0.40312432
2.09439510,5.00000000,0.43909201
2.09439510,5.50000000,0.47374288
2.09439510,6.00000000,0.50711131
2.09439510,6.50000000,0.53923610
2.09439510,7.00000000,0.57015959
2.09439510,7.50000000,0.59992689
2.09439510,8.00000000,0.62858517
2.09439510,8.50000000,0.65618297
2.09439510,9.00000000,0.68276961
2.09439510,9.50000000,0.70839471
2.09439510,10.00000000,0.73310770
2.09439510,10.50000000,0.75695742
2.09439510,11.00000000,0.77999182
2.09439510,11.50000000,0.80225767
2.09439510,12.00000000,0.82380031
2.09439510,12.50000000,0.84466351
2.09439510,13.00000000,0.86488932
2.09439510,13.50000000,0.88451796
2.09439510,14.00000000,0.90358777
2.09439510,14.50000000,0.92213515
2.09439510,15.00000000,0.94019456
2.09439510,15.50000000,0.95779852
2.09439510,16.00000000,0.97497764
2.09439510,16.50000000,0.99176064
2.09439510,17.00000000,1.00817442
2.09439510,17.50000000,1.02424408
2.09439510,18.00000000,1.03999304
2.09439510,18.50000000,1.05544306
2.09439510,19.00000000,1.07061432
2.09439510,19.50000000,1.08552553
2.09439510,20.00000000,1.10019397
2.19911486,0.00000000,0.02435838
2.19911486,0.50000000,0.07329420
2.19911486,1.00000000,0.12104880
2.19911486,1.50000000,0.16756067
2.19911486,2.00000000,0.21278068
2.19911486,2.50000000,0.25667174
2.19911486,3.00000000,0.29920835
2.19911486,3.50000000,0.34037597
2.19911486,4.00000000,0.38017023
2.19911486,4.50000000,0.41859609
2.19911486,5.00000000,0.45566698
2.19911486,5.50000000,0.49140379
2.19911486,6.00000000,0.52583401
2.19911486,6.50000000,0.55899071
2.19911486,7.00000000,0.59091170
2.19911486,7.50000000,0.62163862
2.19911486,8.00000000,0.65121615
2.19911486,8.50000000,0.67969123
2.19911486,9.00000000,0.70711242
2.19911486,9.50000000,0.73352924
2.19911486,10.00000000,0.75899163
2.19911486,10.50000000,0.78354947
2.19911486,11.00000000,0.80725215
2.19911486,11.50000000,0.83014825
2.19911486,12.00000000,0.85228518
2.19911486,12.50000000,0.87370900
2.19911486,13.00000000,0.89446416
2.19911486,13.50000000,0.91459341
2.19911486,14.00000000,0.93413764
2.19911486,14.50000000,0.95313583
2.19911486,15.00000000,0.97162495
2.19911486,15.50000000,0.98964003
2.19911486,16.00000000,1.00721404
2.19911486,16.50000000,1.02437803
2.19911486,17.00000000,1.04116105
2.19911486,17.50000000,1.05759029
2.19911486,18.00000000,1.07369105
2.19911486,18.50000000,1.08948689
2.19911486,19.00000000,1.10499964
2.19911486,19.50000000,1.12024947
2.19911486,20.00000000,1.13525501
2.30383461,0.00000000,0.02899299
2.30383461,0.50000000,0.07828412
2.30383461,1.00000000,0.12650101
2.30383461,1.50000000,0.17356691
2.30383461,2.00000000,0.21941755
2.30383461,2.50000000,0.26400112
2.30383461,3.00000000,0.30727795
2.30383461,3.50000000,0.34922014
2.30383461,4.00000000,0.38981091
2.30383461,4.50000000,0.42904390
2.30383461,5.00000000,0.46692235
2.30383461,5.50000000,0.50345821
2.30383461,6.00000000,0.53867118
2.30383461,6.50000000,0.57258780
2.30383461,7.00000000,0.60524047
2.30383461,7.50000000,0.63666657
2.30383461,8.00000000,0.66690754
2.30383461,8.50000000,0.69600805
2.30383461,9.00000000,0.72401528
2.30383461,9.50000000,0.75097811
2.30383461,10.00000000,0.77694657
2.30383461,10.50000000,0.80197123
2.30383461,11.00000000,0.82610267
2.30383461,11.50000000,0.84939108
2.30383461,12.00000000,0.87188585
2.30383461,12.50000000,0.89363530
2.30383461,13.00000000,0.91468635
2.30383461,13.50000000,0.93508435
2.30383461,14.00000000,0.95487293
2.30383461,14.50000000,0.97409380
2.30383461,15.00000000,0.99278676
2.30383461,15.50000000,1.01098957
2.30383461,16.00000000,1.02873792
2.30383461,16.50000000,1.04606546
2.30383461,17.00000000,1.06300379
2.30383461,17.50000000,1.07958250
2.30383461,18.00000000,1.09582918
2.30383461,18.50000000,1.11176952
2.30383461,19.00000000,1.12742734
2.30383461,19.50000000,1.14282467
2.30383461,20.00000000,1.15798182
2.40855437,0.00000000,0.03179339
2.40855437,0.50000000,0.08118512
2.40855437,1.00000000,0.12961293
2.40855437,1.50000000,0.17698643
2.40855437,2.00000000,0.22322746
2.40855437,2.50000000,0.26827035
2.40855437,3.00000000,0.31206188
2.40855437,3.50000000,0.35456108
2.40855437,4.00000000,0.39573883
2.40855437,4.50000000,0.43557727
2.40855437,5.00000000,0.47406911
2.40855437,5.50000000,0.51121683
2.40855437,6.00000000,0.54703177
2.40855437,6.50000000,0.58153321
2.40855437,7.00000000,0.61474744
2.40855437,7.50000000,0.64670681
2.40855437,8.00000000,0.67744875
2.40855437,8.50000000,0.70701495
2.40855437,9.00000000,0.73545046
2.40855437,9.50000000,0.76280293
2.40855437,10.00000000,0.78912187
2.40855437,10.50000000,0.81445800
2.40855437,11.00000000,0.83886265
2.40855437,11.50000000,0.86238725
2.40855437,12.00000000,0.88508286
2.40855437,12.50000000,0.90699980
2.40855437,13.00000000,0.92818729
2.40855437,13.50000000,0.94869321
2.40855437,14.00000000,0.96856384
2.40855437,14.50000000,0.98784371
2.40855437,15.00000000,1.00657544
2.40855437,15.50000000,1.02479966
2.40855437,16.00000000,1.04255495
2.40855437,16.50000000,1.05987778
2.40855437,17.00000000,1.07680249
2.40855437,17.50000000,1.09336136
2.40855437,18.00000000,1.10958453
2.40855437,18.50000000,1.12550014
2.40855437,19.00000000,1.14113434
2.40855437,19.50000000,1.15651131
2.40855437,20.00000000,1.17165342
2.51327412,0.00000000,0.03304253
2.51327412,0.50000000,0.08238361
2.51327412,1.00000000,0.13086906
2.51327412,1.50000000,0.17839674
2.51327412,2.00000000,0.22487627
2.51327412,2.50000000,0.27022949
2.51327412,3.00000000,0.31439073
2.51327412,3.50000000,0.35730679
2.51327412,4.00000000,0.39893679
2.51327412,4.50000000,0.43925170
2.51327412,5.00000000,0.47823383
2.51327412,5.50000000,0.51587611
2.51327412,6.00000000,0.55218130
2.51327412,6.50000000,0.58716108
2.51327412,7.00000000,0.62083516
2.51327412,7.50000000,0.65323029
2.51327412,8.00000000,0.68437934
2.51327412,8.50000000,0.71432035
2.51327412,9.00000000,0.74309566
2.51327412,9.50000000,0.77075100
2.51327412,10.00000000,0.79733475
2.51327412,10.50000000,0.82289720
2.51327412,11.00000000,0.84748986
2.51327412,11.50000000,0.87116489
2.51327412,12.00000000,0.89397454
2.51327412,12.50000000,0.91597073
2.51327412,13.00000000,0.93720461
2.51327412,13.50000000,0.95772627
2.51327412,14.00000000,0.97758440
2.51327412,14.50000000,0.99682611
2.51327412,15.00000000,1.01549672
2.51327412,15.50000000,1.03363964
2.51327412,16.00000000,1.05129625
2.51327412,16.50000000,1.06850583
2.51327412,17.00000000,1.08530552
2.51327412,17.50000000,1.10173031
2.51327412,18.00000000,1.11781304
2.51327412,18.50000000,1.13358442
2.51327412,19.00000000,1.14907307
2.51327412,19.50000000,1.16430557
2.51327412,20.00000000,1.17930650
2.61799388,0.00000000,0.03313648
2.61799388,0.50000000,0.08234832
2.61799388,1.00000000,0.13080562
2.61799388,1.50000000,0.17839662
2.61799388,2.00000000,0.22502063
2.61799388,2.50000000,0.27058877
2.61799388,3.00000000,0.31502445
2.61799388,3.50000000,0.35826358
2.61799388,4.00000000,0.40025458
2.61799388,4.50000000,0.44095813
2.61799388,5.00000000,0.48034679
2.61799388,5.50000000,0.51840440
2.61799388,6.00000000,0.55512539
2.61799388,6.50000000,0.59051393
2.61799388,7.00000000,0.62458310
2.61799388,7.50000000,0.65735390
2.61799388,8.00000000,0.68885434
2.61799388,8.50000000,0.71911847
2.61799388,9.00000000,0.74818544
2.61799388,9.50000000,0.77609863
2.61799388,10.00000000,0.80290479
2.61799388,10.50000000,0.82865322
2.61799388,11.00000000,0.85339510
2.61799388,11.50000000,0.87718277
2.61799388,12.00000000,0.90006916
2.61799388,12.50000000,0.92210730
2.61799388,13.00000000,0.94334980
2.61799388,13.50000000,0.96384849
2.61799388,14.00000000,0.98365408
2.61799388,14.50000000,1.00281588
2.61799388,15.00000000,1.02138158
2.61799388,15.50000000,1.03939705
2.61799388,16.00000000,1.05690621
2.61799388,16.50000000,1.07395093
2.61799388,17.00000000,1.09057096
2.61799388,17.50000000,1.10680388
2.61799388,18.00000000,1.12268508
2.61799388,18.50000000,1.13824779
2.61799388,19.00000000,1.15352306
2.61799388,19.50000000,1.16853982
2.61799388,20.00000000,1.18332494
2.72271363,0.00000000,0.03250132
2.72271363,0.50000000,0.08155464
2.72271363,1.00000000,0.12994269
2.72271363,1.50000000,0.17754616
2.72271363,2.00000000,0.22425615
2.72271363,2.50000000,0.26997503
2.72271363,3.00000000,0.31461711
2.72271363,3.50000000,0.35810910
2.72271363,4.00000000,0.40039025
2.72271363,4.50000000,0.44141230
2.72271363,5.00000000,0.48113919
2.72271363,5.50000000,0.51954663
2.72271363,6.00000000,0.55662147
2.72271363,6.50000000,0.59236099
2.72271363,7.00000000,0.62677203
2.72271363,7.50000000,0.65987012
2.72271363,8.00000000,0.69167852
2.72271363,8.50000000,0.72222730
2.72271363,9.00000000,0.75155233
2.72271363,9.50000000,0.77969443
2.72271363,10.00000000,0.80669841
2.72271363,10.50000000,0.83261228
2.72271363,11.00000000,0.85748648
2.72271363,11.50000000,0.88137310
2.72271363,12.00000000,0.90432533
2.72271363,12.50000000,0.92639680
2.72271363,13.00000000,0.94764109
2.72271363,13.50000000,0.96811134
2.72271363,14.00000000,0.98785977
2.72271363,14.50000000,1.00693743
2.72271363,15.00000000,1.02539393
2.72271363,15.50000000,1.04327717
2.72271363,16.00000000,1.06063322
2.72271363,16.50000000,1.07750615
2.72271363,17.00000000,1.09393796
2.72271363,17.50000000,1.10996848
2.72271363,18.00000000,1.12563539
2.72271363,18.50000000,1.14097413
2.72271363,19.00000000,1.15601796
2.72271363,19.50000000,1.17079799
2.72271363,20.00000000,1.18534314
2.82743339,0.00000000,0.03153846
2.82743339,0.50000000,0.08043778
2.82743339,1.00000000,0.12874530
2.82743339,1.50000000,0.17633621
2.82743339,2.00000000,0.22309538
2.82743339,2.50000000,0.26891847
2.82743339,3.00000000,0.31371273
2.82743339,3.50000000,0.35739760
2.82743339,4.00000000,0.39990497
2.82743339,4.50000000,0.44117933
2.82743339,5.00000000,0.48117756
2.82743339,5.50000000,0.51986861
2.82743339,6.00000000,0.55723301
2.82743339,6.50000000,0.59326214
2.82743339,7.00000000,0.62795751
2.82743339,7.50000000,0.66132985
2.82743339,8.00000000,0.69339825
2.82743339,8.50000000,0.72418915
2.82743339,9.00000000,0.75373543
2.82743339,9.50000000,0.78207543
2.82743339,10.00000000,0.80925208
2.82743339,10.50000000,0.83531199
2.82743339,11.00000000,0.86030467
2.82743339,11.50000000,0.88428176
2.82743339,12.00000000,0.90729634
2.82743339,12.50000000,0.92940230
2.82743339,13.00000000,0.95065381
2.82743339,13.50000000,0.97110484
2.82743339,14.00000000,0.99080869
2.82743339,14.50000000,1.00981769
2.82743339,15.00000000,1.02818286
2.82743339,15.50000000,1.04595367
2.82743339,16.00000000,1.06317785
2.82743339,16.50000000,1.07990120
2.82743339,17.00000000,1.09616750
2.82743339,17.50000000,1.11201843
2.82743339,18.00000000,1.12749348
2.82743339,18.50000000,1.14262994
2.82743339,19.00000000,1.15746288
2.82743339,19.50000000,1.17202520
2.82743339,20.00000000,1.18634760
2.93215314,0.00000000,0.03058943
2.93215314,0.50000000,0.07936280
2.93215314,1.00000000,0.12759900
2.93215314,1.50000000,0.17516947
2.93215314,2.00000000,0.22195483
2.93215314,2.50000000,0.26784603
2.93215314,3.00000000,0.31274529
2.93215314,3.50000000,0.35656681
2.93215314,4.00000000,0.39923718
2.93215314,4.50000000,0.44069554
2.93215314,5.00000000,0.48089357
2.93215314,5.50000000,0.51979519
2.93215314,6.00000000,0.55737613
2.93215314,6.50000000,0.59362334
2.93215314,7.00000000,0.62853420
2.93215314,7.50000000,0.66211576
2.93215314,8.00000000,0.69438383
2.93215314,8.50000000,0.72536198
2.93215314,9.00000000,0.75508066
2.93215314,9.50000000,0.78357621
2.93215314,10.00000000,0.81088996
2.93215314,10.50000000,0.83706730
2.93215314,11.00000000,0.86215687
2.93215314,11.50000000,0.88620978
2.93215314,12.00000000,0.90927888
2.93215314,12.50000000,0.93141813
2.93215314,13.00000000,0.95268196
2.93215314,13.50000000,0.97312485
2.93215314,14.00000000,0.99280079
2.93215314,14.50000000,1.01176294
2.93215314,15.00000000,1.03006329
2.93215314,15.50000000,1.04775240
2.93215314,16.00000000,1.06487915
2.93215314,16.50000000,1.08149059
2.93215314,17.00000000,1.09763178
2.93215314,17.50000000,1.11334571
2.93215314,18.00000000,1.12867322
2.93215314,18.50000000,1.14365293
2.93215314,19.00000000,1.15832128
2.93215314,19.50000000,1.17271247
2.93215314,20.00000000,1.18685854
3.03687290,0.00000000,0.02991273
3.03687290,0.50000000,0.07860420
3.03687290,1.00000000,0.12679213
3.03687290,1.50000000,0.17434581
3.03687290,2.00000000,0.22114336
3.03687290,2.50000000,0.26707296
3.03687290,3.00000000,0.31203384
3.03687290,3.50000000,0.35593707
3.03687290,4.00000000,0.39870600
3.03687290,4.50000000,0.44027655
3.03687290,5.00000000,0.48059720
3.03687290,5.50000000,0.51962876
3.03687290,6.00000000,0.55734401
3.03687290,6.50000000,0.59372709
3.03687290,7.00000000,0.62877285
3.03687290,7.50000000,0.66248600
3.03687290,8.00000000,0.69488022
3.03687290,8.50000000,0.72597729
3.03687290,9.00000000,0.75580609
3.03687290,9.50000000,0.78440162
3.03687290,10.00000000,0.81180416
3.03687290,10.50000000,0.83805826
3.03687290,11.00000000,0.86321198
3.03687290,11.50000000,0.88731600
3.03687290,12.00000000,0.91042299
3.03687290,12.50000000,0.93258684
3.03687290,13.00000000,0.95386213
3.03687290,13.50000000,0.97430357
3.03687290,14.00000000,0.99396553
3.03687290,14.50000000,1.01290164
3.03687290,15.00000000,1.03116444
3.03687290,15.50000000,1.04880513
3.03687290,16.00000000,1.06587327
3.03687290,16.50000000,1.08241664
3.03687290,17.00000000,1.09848107
3.03687290,17.50000000,1.11411035
3.03687290,18.00000000,1.12934611
3.03687290,18.50000000,1.14422781
3.03687290,19.00000000,1.15879270
3.03687290,19.50000000,1.17307581
3.03687290,20.00000000,1.18710997
3.14159265,0.00000000,0.02966901
3.14159265,0.50000000,0.07833213
3.14159265,1.00000000,0.12650306
3.14159265,1.50000000,0.17405038
3.14159265,2.00000000,0.22085141
3.14159265,2.50000000,0.26679339
3.14159265,3.00000000,0.31177459
3.14159265,3.50000000,0.35570501
3.14159265,4.00000000,0.39850694
3.14159265,4.50000000,0.44011521
3.14159265,5.00000000,0.48047721
3.14159265,5.50000000,0.51955271
3.14159265,6.00000000,0.55731350
3.14159265,6.50000000,0.59374277
3.14159265,7.00000000,0.62883449
3.14159265,7.50000000,0.66259256
3.14159265,8.00000000,0.69502998
3.14159265,8.50000000,0.72616786
3.14159265,9.00000000,0.75603456
3.14159265,9.50000000,0.78466462
3.14159265,10.00000000,0.81209794
3.14159265,10.50000000,0.83837879
3.14159265,11.00000000,0.86355500
3.14159265,11.50000000,0.88767711
3.14159265,12.00000000,0.91079770
3.14159265,12.50000000,0.93297065
3.14159265,13.00000000,0.95425056
3.14159265,13.50000000,0.97469221
3.14159265,14.00000000,0.99435009
3.14159265,14.50000000,1.01327798
3.14159265,15.00000000,1.03152862
3.14159265,15.50000000,1.04915339
3.14159265,16.00000000,1.06620208
3.14159265,16.50000000,1.08272272
3.14159265,17.00000000,1.09876141
3.14159265,17.50000000,1.11436217
3.14159265,18.00000000,1.12956692
3.14159265,18.50000000,1.14441539
3.14159265,19.00000000,1.15894511
3.14159265,19.50000000,1.17319138
3.14159265,20.00000000,1.18718730
